Christy,12285 American Ash Trail,Saint Louis,Missouri,63136,diners-club-enroute,201997365646789,4/6/2018,2008,Mallory
Gerrie,59689 Golf View Place,Montgomery,Alabama,36109,maestro,5038259957463927,5/19/2018,2002,Staci
William,6421 Havey Circle,Shreveport,Louisiana,71130,diners-club-enroute,201411271594018,6/4/2018,2009,Bran
Emmet,18503 Truax Drive,Sacramento,California,94291,jcb,3572930969064740,4/12/2018,2003,Estele
Stefanie,7301 Golf Course Road,Roanoke,Virginia,24048,switch,633351213403378807,4/24/2018,2004,Ronnie
Francklyn,6 Twin Pines Center,Crawfordsville,Indiana,47937,americanexpress,374622796517380,4/25/2018,1995,Anjela
Debi,02406 Karstens Parkway,Naples,Florida,34108,jcb,3578438049524539,3/9/2019,1997,Zonda
Clemente,28 Burning Wood Park,San Antonio,Texas,78255,jcb,3538999563303989,11/21/2018,2010,Mina
Vanni,00895 Straubel Place,Orlando,Florida,32891,mastercard,5010122126932184,1/5/2019,2000,Theodoric
Duffie,63 Loeprich Court,Richmond,Virginia,23289,diners-club-carte-blanche,30065515141072,1/5/2019,2008,Tim
Anya,34009 Sullivan Alley,Sacramento,California,95833,jcb,3550254224161076,1/24/2019,2006,Benyamin
Luelle,62 Annamark Center,Youngstown,Ohio,44505,jcb,3561651618974237,5/12/2018,2002,Olivette
Raimondo,3195 Bayside Street,Houston,Texas,77299,maestro,676348364143604609,5/3/2018,1988,Jaquelyn
Culley,12639 Rigney Park,Detroit,Michigan,48217,instapayment,6396852188547320,11/14/2018,2010,Jesus
Desiri,6635 Autumn Leaf Way,Baltimore,Maryland,21216,jcb,3571816161061926,2/15/2019,2009,Madelyn
Kaye,2 Garrison Center,Glendale,Arizona,85305,diners-club-enroute,201955184047837,9/24/2018,2002,Steve
Jacklin,083 Hoard Hill,Tampa,Florida,33673,jcb,3533562125488808,2/25/2019,2008,Garry
Carmela,68302 Dahle Place,Daytona Beach,Florida,32128,bankcard,5602238999683987,11/6/2018,1993,Gertrude
Rorie,913 Macpherson Terrace,Saint Louis,Missouri,63110,jcb,3582554282997002,11/13/2018,1994,Billie
Niko,89815 Kinsman Center,Oklahoma City,Oklahoma,73142,instapayment,6392771015233983,1/30/2019,1997,Carina
Frankie,79 Maple Wood Place,North Little Rock,Arkansas,72199,visa,4041598662530936,10/16/2018,1968,Chery
Henrieta,3216 Fisk Way,Omaha,Nebraska,68144,switch,633110522707389936,10/27/2018,2007,Tiler
Ashby,330 Granby Hill,Washington,District of Columbia,20380,jcb,3580351694512244,1/24/2019,2003,Caryl
Faythe,21 Blue Bill Park Pass,Boulder,Colorado,80328,jcb,3536831409173221,8/9/2018,2006,Beverlee
See,8 Mariners Cove Way,Boston,Massachusetts,02119,diners-club-enroute,201598580319317,10/27/2018,2010,Ennis
Gardie,06136 Talisman Street,Los Angeles,California,90025,diners-club-enroute,201825697518618,6/6/2018,1995,Mariele
Virgilio,1040 Hooker Circle,El Paso,Texas,79977,maestro,5038039818875459914,4/11/2018,2011,Weidar
Rolf,15917 Parkside Junction,Roanoke,Virginia,24048,jcb,3578715155502395,3/15/2018,2001,Stacia
Ira,8 Truax Pass,Indianapolis,Indiana,46247,jcb,3558529406850998,11/12/2018,2004,Laurie
Belia,642 Sundown Hill,North Hollywood,California,91616,bankcard,5602234858243435,4/6/2018,2011,Fawn
Artur,82 Acker Way,Lubbock,Texas,79405,jcb,3535281077658312,11/30/2018,2003,Gabbie
Garvin,691 Melrose Drive,West Palm Beach,Florida,33421,maestro,6759243861534842742,9/19/2018,1992,Barnabe
Ashley,34734 Corscot Court,Colorado Springs,Colorado,80995,laser,6304528367577566,7/9/2018,2001,Jasper
Fifine,964 Evergreen Point,Waterbury,Connecticut,06721,china-unionpay,5602258490376469375,12/12/2018,2011,Joline
Sheffy,512 Bartillon Street,Tyler,Texas,75705,switch,6333440843500575568,2/9/2019,1999,Quentin
Eugenia,271 Ludington Drive,Topeka,Kansas,66611,mastercard,5100175545041822,3/29/2018,2011,Norry
Barb,86 Stoughton Crossing,San Antonio,Texas,78205,diners-club-carte-blanche,30468965841698,2/3/2019,2001,Merilyn
Giacinta,5 8th Plaza,Mansfield,Ohio,44905,jcb,3528919590764294,5/2/2018,1997,Clemmy
Amara,79 Golden Leaf Center,Garden Grove,California,92645,visa-electron,4844106065612084,5/30/2018,1996,Guthrey
Desi,9518 Leroy Terrace,Columbia,South Carolina,29203,jcb,3540892192565605,12/2/2018,2011,Umeko
Gretna,4081 Jenifer Terrace,El Paso,Texas,79916,jcb,3561939339728218,1/20/2019,1995,Zedekiah
Lolly,0126 Esker Place,Charleston,South Carolina,29416,jcb,3577315888377560,11/10/2018,2010,Pamela
Nancie,79 Southridge Circle,Seattle,Washington,98185,diners-club-enroute,201834177489282,9/18/2018,2011,Antonin
Virgie,2590 Daystar Pass,Frederick,Maryland,21705,solo,6767301062321460,1/22/2019,1984,Erhard
Janel,90 Arkansas Junction,Roanoke,Virginia,24014,switch,5641822902368638424,7/1/2018,1993,Faina
Dory,70 Di Loreto Street,Arlington,Virginia,22234,jcb,3541993344526641,1/20/2019,1996,Tait
Brigid,7957 Dovetail Crossing,Kansas City,Missouri,64160,jcb,3542721778892372,6/8/2018,2003,Victor
Verge,91 6th Parkway,Chattanooga,Tennessee,37416,jcb,3530467714795907,10/8/2018,2003,Queenie
Joellyn,36790 Johnson Junction,Chicago,Illinois,60669,diners-club-enroute,201819021585906,6/6/2018,2006,Birdie
Travus,92 Sutteridge Avenue,Hartford,Connecticut,06160,diners-club-carte-blanche,30097614790384,4/29/2018,2007,Dodi
